Model,Avg random,Stdev random,Avg best,Stdev best,Diversity Random,Stdev Diversity Random
Hong-Page (default),94.61,0.61,92.82,1.29,0.92,0.02,0.83,0.06,5.202551297664013e-13
Tournament,95.02,0.43,93.42,1.05,0.92,0.02,0.83,0.05,8.602393673552181e-15
Democracy,94.57,0.6,92.94,1.13,0.92,0.02,0.84,0.05,1.3771235898058038e-13
Non-monotonous relay,94.54,0.57,92.87,1.36,0.92,0.03,0.84,0.06,2.626001495784997e-11
Random Dictator,84.97,0.6,85.91,0.58,0.91,0.03,0.82,0.06,2.5106765953310655e-12
Pair Relay,95.72,0.39,95.4,0.46,0.92,0.02,0.84,0.04,0.000359340022989696
Simple Pair Relay,91.01,0.69,89.78,0.87,0.91,0.03,0.83,0.05,7.33758697264222e-12
Bad Teamwork,95.72,0.41,94.63,0.76,0.91,0.02,0.84,0.04,1.726497473819902e-13
